{"count":1,"self":202.4436864,"total":206.2076631,"children":{"InitializeActuators":{"count":1,"self":0.0010279,"total":0.0010279,"children":null},"InitializeSensors":{"count":1,"self":0.0029785999999999997,"total":0.0029785999999999997,"children":null},"AgentSendState":{"count":7450,"self":0.06573749999999999,"total":0.6634704,"children":{"CollectObservations":{"count":588,"self":0.57817109999999994,"total":0.57817109999999994,"children":null},"WriteActionMask":{"count":588,"self":0.0029990999999999998,"total":0.0029990999999999998,"children":null},"RequestDecision":{"count":588,"self":0.0165627,"total":0.0165627,"children":null}}},"DecideAction":{"count":7450,"self":3.0357477999999998,"total":3.0357477999999998,"children":null},"AgentAct":{"count":7450,"self":0.058720499999999995,"total":0.058720499999999995,"children":null}},"gauges":{},"metadata":{"timer_format_version":"0.1.0","start_time_seconds":"1684858738","unity_version":"2021.3.11f1","command_line_arguments":"C:\\Program Files\\Unity\\Hub\\Editor\\2021.3.11f1\\Editor\\Unity.exe -projectpath C:\\Users\\timor\\source\\repos\\MarketSim -useHub -hubIPC -cloudEnvironment production -licensingIpc LicenseClient-d9kvHHPmI43jflYpUIKyL -hubSessionId 43ec43b0-f984-11ed-b688-d55e785851ff","communication_protocol_version":"1.5.0","com.unity.ml-agents_version":"2.0.1","scene_name":"DisplayScene","end_time_seconds":"1684858944"}}