{"count":1,"self":4290.3179264,"total":5300.0057249,"children":{"InitializeActuators":{"count":3,"self":0.0010002,"total":0.0010002,"children":null},"InitializeSensors":{"count":3,"self":0.0019619,"total":0.0019619,"children":null},"AgentSendState":{"count":8511618,"self":37.7830656,"total":206.8008423,"children":{"CollectObservations":{"count":207240,"self":160.67383039999999,"total":160.6738349,"children":null},"WriteActionMask":{"count":207240,"self":0.65103579999999994,"total":0.65103579999999994,"children":null},"RequestDecision":{"count":207240,"self":2.2454396,"total":7.6929075,"children":{"AgentInfo.ToProto":{"count":207240,"self":1.7485072,"total":5.447468,"children":{"GenerateSensorData":{"count":207240,"self":3.6989608,"total":3.6989609,"children":null}}}}}}},"DecideAction":{"count":8511618,"self":781.70905599999992,"total":781.7090472,"children":null},"AgentAct":{"count":8511618,"self":20.8782048,"total":20.8782045,"children":null},"AgentInfo.ToProto":{"count":10617,"self":0.11264579999999999,"total":0.29555349999999997,"children":{"GenerateSensorData":{"count":10617,"self":0.18290769999999998,"total":0.18290769999999998,"children":null}}}},"gauges":{"StoreAI.CumulativeReward":{"count":10617,"max":5.28069E+07,"min":-29366.1875,"runningAverage":1720548.13,"value":1382.86963,"weightedAverage":402059.719}},"metadata":{"timer_format_version":"0.1.0","start_time_seconds":"1682162961","unity_version":"2021.3.11f1","command_line_arguments":"D:\\Programming\\Unity\\2021.3.11f1\\Editor\\Unity.exe -projectpath D:\\MarketSim -useHub -hubIPC -cloudEnvironment production -licensingIpc LicenseClient-Dmitry Gribovsky -hubSessionId 63ba97b0-e0ec-11ed-9955-598a68280075 -accessToken qwlRFQp5EJ1uJCHZ6GtluKDrmB4kNudIQ2V_Y6LyeVs011f","communication_protocol_version":"1.5.0","com.unity.ml-agents_version":"2.0.1","scene_name":"Phase2 Learning","end_time_seconds":"1682168261"}}