{"count":1,"self":102.29621759999999,"total":235.73539209999998,"children":{"InitializeActuators":{"count":18,"self":0.002005,"total":0.002005,"children":null},"InitializeSensors":{"count":18,"self":0.0030007999999999996,"total":0.0030007999999999996,"children":null},"AgentSendState":{"count":67717,"self":0.7721171,"total":23.1802466,"children":{"CollectObservations":{"count":36558,"self":21.2930592,"total":21.2930585,"children":null},"WriteActionMask":{"count":36558,"self":0.07111329999999999,"total":0.07111329999999999,"children":null},"RequestDecision":{"count":36558,"self":0.295738,"total":1.0439577,"children":{"AgentInfo.ToProto":{"count":36558,"self":0.24754939999999998,"total":0.74821969999999993,"children":{"GenerateSensorData":{"count":36558,"self":0.5006703,"total":0.5006703,"children":null}}}}}}},"DecideAction":{"count":67717,"self":52.0257152,"total":52.025714099999995,"children":null},"AgentAct":{"count":67717,"self":57.831199999999995,"total":58.227208299999994,"children":{"AgentInfo.ToProto":{"count":12186,"self":0.17881419999999998,"total":0.3960062,"children":{"GenerateSensorData":{"count":12186,"self":0.217192,"total":0.217192,"children":null}}}}}},"gauges":{"StoreAI.CumulativeReward":{"count":12186,"max":21,"min":-59,"runningAverage":-8.812478,"value":1,"weightedAverage":-6.87181}},"metadata":{"timer_format_version":"0.1.0","start_time_seconds":"1682090463","unity_version":"2021.3.11f1","command_line_arguments":"D:\\Programming\\Unity\\2021.3.11f1\\Editor\\Unity.exe -projectpath D:\\MarketSim -useHub -hubIPC -cloudEnvironment production -licensingIpc LicenseClient-Dmitry Gribovsky -hubSessionId ff466cc0-df95-11ed-8c29-edd034c13ffc -accessToken IpTNE48JmlujGviZgd5yc2u-_YRft1TcyrjRJyCXhYY011f","communication_protocol_version":"1.5.0","com.unity.ml-agents_version":"2.0.1","scene_name":"Phase1 Learning","end_time_seconds":"1682090699"}}