{"count":1,"self":125.6548096,"total":158.18645469999998,"children":{"InitializeActuators":{"count":3,"self":0.0015045,"total":0.0015045,"children":null},"InitializeSensors":{"count":3,"self":0.0023450999999999997,"total":0.0023450999999999997,"children":null},"AgentSendState":{"count":200067,"self":1.0297295,"total":4.2882827,"children":{"CollectObservations":{"count":6776,"self":2.9699573999999997,"total":2.9699573999999997,"children":null},"WriteActionMask":{"count":6776,"self":0.026528299999999998,"total":0.026528299999999998,"children":null},"RequestDecision":{"count":6776,"self":0.095264,"total":0.2620675,"children":{"AgentInfo.ToProto":{"count":6776,"self":0.0576446,"total":0.1668035,"children":{"GenerateSensorData":{"count":6776,"self":0.10915889999999999,"total":0.10915889999999999,"children":null}}}}}}},"DecideAction":{"count":200067,"self":27.5307456,"total":27.530746399999998,"children":null},"AgentAct":{"count":200067,"self":0.7042582,"total":0.7042582,"children":null},"AgentInfo.ToProto":{"count":32,"self":0,"total":0.0020022,"children":{"GenerateSensorData":{"count":32,"self":0.0020022,"total":0.0020022,"children":null}}}},"gauges":{"StoreAI.CumulativeReward":{"count":32,"max":292341.719,"min":-2777.25342,"runningAverage":39701.8164,"value":381.765564,"weightedAverage":13075.3848}},"metadata":{"timer_format_version":"0.1.0","start_time_seconds":"1685383888","unity_version":"2021.3.11f1","command_line_arguments":"D:\\Programming\\Unity\\2021.3.11f1\\Editor\\Unity.exe -projectpath D:\\MarketSim -useHub -hubIPC -cloudEnvironment production -licensingIpc LicenseClient-Dmitry Gribovsky -hubSessionId 4c68a97c-f751-4fb2-8d22-9758a28e163a -accessToken bIBJXw__e2c8gi_4JmMv1UyETt8tbnKE8J77oaizkxQ011f","communication_protocol_version":"1.5.0","com.unity.ml-agents_version":"2.0.1","scene_name":"Phase2 Learning","end_time_seconds":"1685384046"}}