{"count":1,"self":3469.4897664,"total":18202.0612461,"children":{"InitializeActuators":{"count":9,"self":0.0040022999999999994,"total":0.0040022999999999994,"children":null},"InitializeSensors":{"count":9,"self":0.0015291999999999999,"total":0.0015291999999999999,"children":null},"AgentSendState":{"count":3144684,"self":178.93313279999998,"total":2692.9783904,"children":{"CollectObservations":{"count":10000098,"self":2129.3312,"total":2129.3312265,"children":null},"WriteActionMask":{"count":10000098,"self":27.8119712,"total":27.8119713,"children":null},"RequestDecision":{"count":10000098,"self":112.3109504,"total":356.9020564,"children":{"AgentInfo.ToProto":{"count":10000098,"self":76.2634112,"total":244.5911113,"children":{"GenerateSensorData":{"count":10000098,"self":168.3276928,"total":168.3276976,"children":null}}}}}}},"DecideAction":{"count":3144684,"self":10582.8302848,"total":10582.8299118,"children":null},"AgentAct":{"count":3144684,"self":1439.0146048,"total":1456.7549437,"children":{"AgentInfo.ToProto":{"count":424530,"self":7.6967544,"total":17.7403554,"children":{"GenerateSensorData":{"count":424530,"self":10.0436008,"total":10.0436008,"children":null}}}}}},"gauges":{"StoreAI.CumulativeReward":{"count":424530,"max":6.807451,"min":-256.7929,"runningAverage":-47.8928757,"value":-37.4310379,"weightedAverage":-40.4293938}},"metadata":{"timer_format_version":"0.1.0","start_time_seconds":"1679518220","unity_version":"2021.3.11f1","command_line_arguments":"C:\\Program Files\\Unity\\Hub\\Editor\\2021.3.11f1\\Editor\\Unity.exe -projectpath C:\\Users\\timor\\source\\repos\\MarketSim -useHub -hubIPC -cloudEnvironment production -licensingIpc LicenseClient-9ombXbGW9smZgb9-GPqhU -hubSessionId 68d1f690-c8e5-11ed-90fd-7f69eb716b82","communication_protocol_version":"1.5.0","com.unity.ml-agents_version":"2.0.1","scene_name":"Training_Survive","end_time_seconds":"1679536422"}}