{"count":1,"self":99.1346624,"total":284.1523745,"children":{"InitializeActuators":{"count":9,"self":0.001,"total":0.001,"children":null},"InitializeSensors":{"count":9,"self":0.0020022,"total":0.0020022,"children":null},"AgentSendState":{"count":28967,"self":0.20693489999999998,"total":2.5826754,"children":{"CollectObservations":{"count":5211,"self":2.1992127999999997,"total":2.1992127999999997,"children":null},"WriteActionMask":{"count":5211,"self":0.014025399999999999,"total":0.014025399999999999,"children":null},"RequestDecision":{"count":5211,"self":0.060073499999999995,"total":0.1625023,"children":{"AgentInfo.ToProto":{"count":5211,"self":0.0340938,"total":0.1024288,"children":{"GenerateSensorData":{"count":5211,"self":0.068334999999999993,"total":0.068334999999999993,"children":null}}}}}}},"DecideAction":{"count":28967,"self":170.83295999999999,"total":170.8329633,"children":null},"AgentAct":{"count":28967,"self":11.5370232,"total":11.5990699,"children":{"AgentInfo.ToProto":{"count":1737,"self":0.0300489,"total":0.0620466,"children":{"GenerateSensorData":{"count":1737,"self":0.0319977,"total":0.0319977,"children":null}}}}}},"gauges":{"StoreAI.CumulativeReward":{"count":1737,"max":103.635986,"min":-43.23235,"runningAverage":26.172287,"value":50.685257,"weightedAverage":18.41103}},"metadata":{"timer_format_version":"0.1.0","start_time_seconds":"1679944589","unity_version":"2021.3.11f1","command_line_arguments":"D:\\Programming\\Unity\\2021.3.11f1\\Editor\\Unity.exe -projectpath D:\\MarketSim -useHub -hubIPC -cloudEnvironment production -licensingIpc LicenseClient-Dmitry Gribovsky -hubSessionId 922d2b80-ccc9-11ed-a3ec-012e49932d61 -accessToken rhsXoSj3gepshXDz77_kCZj14agAKsUhVkb9Gj2r4HE011f","communication_protocol_version":"1.5.0","com.unity.ml-agents_version":"2.0.1","scene_name":"Training_Survive","end_time_seconds":"1679944873"}}