{
    "name": "root",
    "metadata": {
        "timer_format_version": "0.1.0",
        "start_time_seconds": "1679257196",
        "python_version": "3.9.2 (tags/v3.9.2:1a79785, Feb 19 2021, 13:44:55) [MSC v.1928 64 bit (AMD64)]",
        "command_line_arguments": "D:\\Studies\\Python\\Scripts\\mlagents-learn --run-id StoreAI --force",
        "mlagents_version": "0.30.0",
        "mlagents_envs_version": "0.30.0",
        "communication_protocol_version": "1.5.0",
        "pytorch_version": "1.13.0+cpu",
        "numpy_version": "1.23.4",
        "end_time_seconds": "1679257345"
    },
    "total": 149.1232616,
    "count": 1,
    "self": 0.004973199999994904,
    "children": {
        "run_training.setup": {
            "total": 0.05997209999999997,
            "count": 1,
            "self": 0.05997209999999997
        },
        "TrainerController.start_learning": {
            "total": 149.0583163,
            "count": 1,
            "self": 0.05819729999998913,
            "children": {
                "TrainerController._reset_env": {
                    "total": 11.010591400000001,
                    "count": 1,
                    "self": 11.010591400000001
                },
                "TrainerController.advance": {
                    "total": 137.8844956,
                    "count": 2644,
                    "self": 0.05483070000002499,
                    "children": {
                        "env_step": {
                            "total": 137.58290010000007,
                            "count": 2644,
                            "self": 135.2630551000001,
                            "children": {
                                "SubprocessEnvManager._take_step": {
                                    "total": 2.289293899999981,
                                    "count": 2644,
                                    "self": 0.1906553000000386,
                                    "children": {
                                        "TorchPolicy.evaluate": {
                                            "total": 2.0986385999999424,
                                            "count": 2643,
                                            "self": 2.0986385999999424
                                        }
                                    }
                                },
                                "workers": {
                                    "total": 0.030551100000003828,
                                    "count": 2643,
                                    "self": 0.0,
                                    "children": {
                                        "worker_root": {
                                            "total": 17.364395,
                                            "count": 2643,
                                            "is_parallel": true,
                                            "self": 7.267995300000036,
                                            "children": {
                                                "steps_from_proto": {
                                                    "total": 0.00019200000000019202,
                                                    "count": 1,
                                                    "is_parallel": true,
                                                    "self": 7.980000000173959e-05,
                                                    "children": {
                                                        "_process_rank_one_or_two_observation": {
                                                            "total": 0.00011219999999845243,
                                                            "count": 2,
                                                            "is_parallel": true,
                                                            "self": 0.00011219999999845243
                                                        }
                                                    }
                                                },
                                                "UnityEnvironment.step": {
                                                    "total": 10.096207699999962,
                                                    "count": 2643,
                                                    "is_parallel": true,
                                                    "self": 0.21844660000021676,
                                                    "children": {
                                                        "UnityEnvironment._generate_step_input": {
                                                            "total": 0.20467709999993566,
                                                            "count": 2643,
                                                            "is_parallel": true,
                                                            "self": 0.20467709999993566
                                                        },
                                                        "communicator.exchange": {
                                                            "total": 9.213052299999976,
                                                            "count": 2643,
                                                            "is_parallel": true,
                                                            "self": 9.213052299999976
                                                        },
                                                        "steps_from_proto": {
                                                            "total": 0.46003169999983307,
                                                            "count": 2643,
                                                            "is_parallel": true,
                                                            "self": 0.18984159999980044,
                                                            "children": {
                                                                "_process_rank_one_or_two_observation": {
                                                                    "total": 0.27019010000003263,
                                                                    "count": 5286,
                                                                    "is_parallel": true,
                                                                    "self": 0.27019010000003263
                                                                }
                                                            }
                                                        }
                                                    }
                                                }
                                            }
                                        }
                                    }
                                }
                            }
                        },
                        "trainer_advance": {
                            "total": 0.24676479999990875,
                            "count": 2643,
                            "self": 0.06655030000002782,
                            "children": {
                                "process_trajectory": {
                                    "total": 0.18021449999988093,
                                    "count": 2643,
                                    "self": 0.18021449999988093
                                }
                            }
                        }
                    }
                },
                "TrainerController._save_models": {
                    "total": 0.10503199999999424,
                    "count": 1,
                    "self": 0.0009296999999719446,
                    "children": {
                        "RLTrainer._checkpoint": {
                            "total": 0.1041023000000223,
                            "count": 1,