{
    "name": "root",
    "gauges": {
        "StoreAI.Policy.Entropy.mean": {
            "value": 0.9739292860031128,
            "min": 0.9017703533172607,
            "max": 1.2870173454284668,
            "count": 79
        },
        "StoreAI.Policy.Entropy.sum": {
            "value": 999.25146484375,
            "min": 68.91336059570312,
            "max": 1320.479736328125,
            "count": 79
        },
        "StoreAI.Environment.EpisodeLength.mean": {
            "value": 2.0,
            "min": 2.0,
            "max": 2.0,
            "count": 79
        },
        "StoreAI.Environment.EpisodeLength.sum": {
            "value": 684.0,
            "min": 36.0,
            "max": 684.0,
            "count": 79
        },
        "StoreAI.Step.mean": {
            "value": 78999.0,
            "min": 999.0,
            "max": 78999.0,
            "count": 79
        },
        "StoreAI.Step.sum": {
            "value": 78999.0,
            "min": 999.0,
            "max": 78999.0,
            "count": 79
        },
        "StoreAI.Policy.ExtrinsicValue.mean": {
            "value": 5.328704833984375,
            "min": -14.868999481201172,
            "max": 11.549057960510254,
            "count": 79
        },
        "StoreAI.Policy.ExtrinsicValue.sum": {
            "value": 1779.787353515625,
            "min": -4951.376953125,
            "max": 3845.83642578125,
            "count": 79
        },
        "StoreAI.Environment.CumulativeReward.mean": {
            "value": 17.009945981271432,
            "min": -20.093304705120133,
            "max": 23.555219381063193,
            "count": 79
        },
        "StoreAI.Environment.CumulativeReward.sum": {
            "value": 5681.321957744658,
            "min": -6711.163771510124,
            "max": 7843.888053894043,
            "count": 79
        },
        "StoreAI.Policy.ExtrinsicReward.mean": {
            "value": 17.009945981271432,
            "min": -20.093304705120133,
            "max": 23.555219381063193,
            "count": 79
        },
        "StoreAI.Policy.ExtrinsicReward.sum": {
            "value": 5681.321957744658,
            "min": -6711.163771510124,
            "max": 7843.888053894043,
            "count": 79
        },
        "StoreAI.IsTraining.mean": {
            "value": 1.0,
            "min": 1.0,
            "max": 1.0,
            "count": 79
        },
        "StoreAI.IsTraining.sum": {
            "value": 1.0,
            "min": 1.0,
            "max": 1.0,
            "count": 79
        },
        "StoreAI.Losses.PolicyLoss.mean": {
            "value": -7.747268525898148,
            "min": -12.245395236177366,
            "max": 15.395156369284155,
            "count": 78
        },
        "StoreAI.Losses.PolicyLoss.sum": {
            "value": -7902.213896416111,
            "min": -12490.303140900913,
            "max": 15703.059496669839,
            "count": 78
        },
        "StoreAI.Losses.ValueLoss.mean": {
            "value": 56.10589838622878,
            "min": 1.3826052053544367,
            "max": 96.3271809126355,
            "count": 78
        },
        "StoreAI.Losses.ValueLoss.sum": {
            "value": 57228.01635395335,
            "min": 1410.2573094615254,
            "max": 92474.09367613008,
            "count": 78
        },
        "StoreAI.Losses.Q1Loss.mean": {
            "value": 0.37696211841362454,
            "min": 0.3012894971291333,
            "max": 1.705487523369702,
            "count": 78
        },
        "StoreAI.Losses.Q1Loss.sum": {
            "value": 384.501360781897,
            "min": 307.31528707171594,
            "max": 1739.597273837096,
            "count": 78
        },
        "StoreAI.Losses.Q2Loss.mean": {
            "value": 0.31087785865467427,
            "min": 0.23405703965972927,
            "max": 1.7626504116780783,
            "count": 78
        },
        "StoreAI.Losses.Q2Loss.sum": {
            "value": 317.09541582776774,
            "min": 238.73818045292384,
            "max": 1797.90341991164,
            "count": 78
        },
        "StoreAI.Policy.ContinuousEntropyCoeff.mean": {
            "value": 0.0039055155314056227,
            "min": 0.0039055155314056227,
            "max": 0.8658589239063864,
            "count": 78
        },
        "StoreAI.Policy.ContinuousEntropyCoeff.sum": {
            "value": 3.983625842033735,
            "min": 3.80043788475766,
            "max": 877.9809488410758,
            "count": 78
        },
        "StoreAI.Policy.LearningRate.mean": {
            "value": 0.00029952908415697196,
            "min": 0.00029952908415697196,
            "max": 0.00029999094696159755,
            "count": 78
        },
        "StoreAI.Policy.LearningRate.sum": {
            "value": 0.3055196658401114,
            "min": 0.2875536231887923,
            "max": 0.3059786656871114,
            "count": 78
        }
    },
    "metadata": {
        "timer_format_version": "0.1.0",
        "start_time_seconds": "1680118391",
        "python_version": "3.9.2 (tags/v3.9.2:1a79785, Feb 19 2021, 13:44:55) [MSC v.1928 64 bit (AMD64)]",
        "command_line_arguments": "D:\\Studies\\Python\\Scripts\\mlagents-learn .\\config\\StoreAI_SAC.yaml --run-id sac1 --resume",
        "mlagents_version": "0.30.0",
        "mlagents_envs_version": "0.30.0",
        "communication_protocol_version": "1.5.0",
        "pytorch_version": "1.10.1+cu113",
        "numpy_version": "1.23.4",
        "end_time_seconds": "1680122125"
    },
    "total": 3734.7343345,
    "count": 1,
    "self": 0.004248599999755243,
    "children": {
        "run_training.setup": {
            "total": 0.07185529999999996,
            "count": 1,
            "self": 0.07185529999999996
        },
        "TrainerController.start_learning": {
            "total": 3734.6582306,
            "count": 1,
            "self": 1.1445787000052405,
            "children": {
                "TrainerController._reset_env": {
                    "total": 14.2924684,
                    "count": 1,
                    "self": 14.2924684
                },
                "TrainerController.advance": {
                    "total": 3719.067646399995,
                    "count": 5839,
                    "self": 0.06527410000444434,
                    "children": {
                        "env_step": {
                            "total": 3719.0023722999904,
                            "count": 5839,
                            "self": 3694.6157119000136,
                            "children": {
                                "SubprocessEnvManager._take_step": {
                                    "total": 24.324066899985386,
                                    "count": 5839,
                                    "self": 0.38199179998831667,
                                    "children": {
                                        "TorchPolicy.evaluate": {
                                            "total": 23.94207509999707,
                                            "count": 4380,
                                            "self": 23.94207509999707
                                        }
                                    }
                                },
                                "workers": {
                                    "total": 0.06259349999128361,
                                    "count": 5839,
                                    "self": 0.0,
                                    "children": {
                                        "worker_root": {
                                            "total": 3720.155001200019,
                                            "count": 5839,
                                            "is_parallel": true,
                                            "self": 3142.30604340001,