{
    "name": "root",
    "metadata": {
        "timer_format_version": "0.1.0",
        "start_time_seconds": "1681069032",
        "python_version": "3.9.2 (tags/v3.9.2:1a79785, Feb 19 2021, 13:44:55) [MSC v.1928 64 bit (AMD64)]",
        "command_line_arguments": "D:\\Studies\\Python\\Scripts\\mlagents-learn .\\config\\StoreAI_SAC.yaml --run-id run1 --force",
        "mlagents_version": "0.30.0",
        "mlagents_envs_version": "0.30.0",
        "communication_protocol_version": "1.5.0",
        "pytorch_version": "1.10.1+cu113",
        "numpy_version": "1.23.4",
        "end_time_seconds": "1681069129"
    },
    "total": 96.73736319999999,
    "count": 1,
    "self": 0.004987799999994991,
    "children": {
        "run_training.setup": {
            "total": 0.08124100000000034,
            "count": 1,
            "self": 0.08124100000000034
        },
        "TrainerController.start_learning": {
            "total": 96.65113439999999,
            "count": 1,
            "self": 0.0011937000000159514,
            "children": {
                "TrainerController._reset_env": {
                    "total": 11.6716956,
                    "count": 1,
                    "self": 11.6716956
                },
                "TrainerController.advance": {
                    "total": 84.75721859999999,
                    "count": 48,
                    "self": 0.0005526999999858617,
                    "children": {
                        "env_step": {
                            "total": 84.7566659,
                            "count": 48,
                            "self": 83.76977120000002,
                            "children": {
                                "SubprocessEnvManager._take_step": {
                                    "total": 0.9864645000000003,
                                    "count": 48,
                                    "self": 0.0029368000000147276,
                                    "children": {
                                        "TorchPolicy.evaluate": {
                                            "total": 0.9835276999999856,
                                            "count": 36,
                                            "self": 0.9835276999999856
                                        }
                                    }
                                },
                                "workers": {
                                    "total": 0.0004301999999825057,
                                    "count": 47,
                                    "self": 0.0,
                                    "children": {
                                        "worker_root": {
                                            "total": 27.70688050000001,
                                            "count": 47,
                                            "is_parallel": true,
                                            "self": 22.0085366,
                                            "children": {
                                                "steps_from_proto": {
                                                    "total": 0.00030239999999981393,
                                                    "count": 1,
                                                    "is_parallel": true,
                                                    "self": 9.240000000065862e-05,
                                                    "children": {
                                                        "_process_rank_one_or_two_observation": {
                                                            "total": 0.0002099999999991553,
                                                            "count": 2,
                                                            "is_parallel": true,
                                                            "self": 0.0002099999999991553
                                                        }
                                                    }
                                                },
                                                "UnityEnvironment.step": {
                                                    "total": 5.698041500000011,
                                                    "count": 47,
                                                    "is_parallel": true,
                                                    "self": 0.006596100000002991,
                                                    "children": {
                                                        "UnityEnvironment._generate_step_input": {
                                                            "total": 0.010157699999993497,
                                                            "count": 47,
                                                            "is_parallel": true,
                                                            "self": 0.010157699999993497
                                                        },
                                                        "communicator.exchange": {
                                                            "total": 5.668048699999993,
                                                            "count": 47,
                                                            "is_parallel": true,
                                                            "self": 5.668048699999993
                                                        },
                                                        "steps_from_proto": {
                                                            "total": 0.013239000000021761,
                                                            "count": 47,
                                                            "is_parallel": true,
                                                            "self": 0.004399800000017606,
                                                            "children": {
                                                                "_process_rank_one_or_two_observation": {
                                                                    "total": 0.008839200000004155,
                                                                    "count": 94,
                                                                    "is_parallel": true,
                                                                    "self": 0.008839200000004155
                                                                }
                                                            }
                                                        }
                                                    }
                                                }
                                            }
                                        }
                                    }
                                }
                            }
                        }
                    }
                },
                "TrainerController._save_models": {
                    "total": 0.22102649999999358,
                    "count": 1,
                    "self": 0.0010782999999889853,
                    "children": {
                        "RLTrainer._checkpoint": {
                            "total": 0.2199482000000046,
                            "count": 1,
                            "self": 0.2199482000000046
                        }
                    }
                }
            }
        }
    }
}