{
    "name": "root",
    "gauges": {
        "StoreAI.Policy.Entropy.mean": {
            "value": 1.1850059032440186,
            "min": 1.1850059032440186,
            "max": 1.1850059032440186,
            "count": 1
        },
        "StoreAI.Policy.Entropy.sum": {
            "value": 191.970947265625,
            "min": 191.970947265625,
            "max": 191.970947265625,
            "count": 1
        },
        "StoreAI.Environment.EpisodeLength.mean": {
            "value": 2.0,
            "min": 2.0,
            "max": 2.0,
            "count": 1
        },
        "StoreAI.Environment.EpisodeLength.sum": {
            "value": 86.0,
            "min": 86.0,
            "max": 86.0,
            "count": 1
        },
        "StoreAI.Step.mean": {
            "value": 32997.0,
            "min": 32997.0,
            "max": 32997.0,
            "count": 1
        },
        "StoreAI.Step.sum": {
            "value": 32997.0,
            "min": 32997.0,
            "max": 32997.0,
            "count": 1
        },
        "StoreAI.Policy.ExtrinsicValue.mean": {
            "value": 70.016845703125,
            "min": 70.016845703125,
            "max": 70.016845703125,
            "count": 1
        },
        "StoreAI.Policy.ExtrinsicValue.sum": {
            "value": 1610.387451171875,
            "min": 1610.387451171875,
            "max": 1610.387451171875,
            "count": 1
        },
        "StoreAI.Environment.CumulativeReward.mean": {
            "value": 1175.4564275326936,
            "min": 1175.4564275326936,
            "max": 1175.4564275326936,
            "count": 1
        },
        "StoreAI.Environment.CumulativeReward.sum": {
            "value": 27035.497833251953,
            "min": 27035.497833251953,
            "max": 27035.497833251953,
            "count": 1
        },
        "StoreAI.Policy.ExtrinsicReward.mean": {
            "value": 1175.4564275326936,
            "min": 1175.4564275326936,
            "max": 1175.4564275326936,
            "count": 1
        },
        "StoreAI.Policy.ExtrinsicReward.sum": {
            "value": 27035.497833251953,
            "min": 27035.497833251953,
            "max": 27035.497833251953,
            "count": 1
        },
        "StoreAI.Losses.PolicyLoss.mean": {
            "value": -73.43933928182865,
            "min": -73.43933928182865,
            "max": -73.43933928182865,
            "count": 1
        },
        "StoreAI.Losses.PolicyLoss.sum": {
            "value": -3965.7243212187473,
            "min": -3965.7243212187473,
            "max": -3965.7243212187473,
            "count": 1
        },
        "StoreAI.Losses.ValueLoss.mean": {
            "value": 5.263376094600647,
            "min": 5.263376094600647,
            "max": 5.263376094600647,
            "count": 1
        },
        "StoreAI.Losses.ValueLoss.sum": {
            "value": 284.22230910843496,
            "min": 284.22230910843496,
            "max": 284.22230910843496,
            "count": 1
        },
        "StoreAI.Losses.Q1Loss.mean": {
            "value": 2129.9912292463086,
            "min": 2129.9912292463086,
            "max": 2129.9912292463086,
            "count": 1
        },
        "StoreAI.Losses.Q1Loss.sum": {
            "value": 115019.52637930066,
            "min": 115019.52637930066,
            "max": 115019.52637930066,
            "count": 1
        },
        "StoreAI.Losses.Q2Loss.mean": {
            "value": 2118.052893511068,
            "min": 2118.052893511068,
            "max": 2118.052893511068,
            "count": 1
        },
        "StoreAI.Losses.Q2Loss.sum": {
            "value": 114374.85624959767,
            "min": 114374.85624959767,
            "max": 114374.85624959767,
            "count": 1
        },
        "StoreAI.Policy.ContinuousEntropyCoeff.mean": {
            "value": 0.9995659661659696,
            "min": 0.9995659661659696,
            "max": 0.9995659661659696,
            "count": 1
        },
        "StoreAI.Policy.ContinuousEntropyCoeff.sum": {
            "value": 53.97656217296236,
            "min": 53.97656217296236,
            "max": 53.97656217296236,
            "count": 1
        },
        "StoreAI.Policy.LearningRate.mean": {
            "value": 2.9980210865964e-05,
            "min": 2.9980210865964e-05,
            "max": 2.9980210865964e-05,
            "count": 1
        },
        "StoreAI.Policy.LearningRate.sum": {
            "value": 0.001618931386762056,
            "min": 0.001618931386762056,
            "max": 0.001618931386762056,
            "count": 1
        },
        "StoreAI.IsTraining.mean": {
            "value": 1.0,
            "min": 1.0,
            "max": 1.0,
            "count": 1
        },
        "StoreAI.IsTraining.sum": {
            "value": 1.0,
            "min": 1.0,
            "max": 1.0,
            "count": 1
        }
    },
    "metadata": {
        "timer_format_version": "0.1.0",
        "start_time_seconds": "1681070674",
        "python_version": "3.9.2 (tags/v3.9.2:1a79785, Feb 19 2021, 13:44:55) [MSC v.1928 64 bit (AMD64)]",
        "command_line_arguments": "D:\\Studies\\Python\\Scripts\\mlagents-learn .\\config\\StoreAI_SAC.yaml --run-id run1 --resume",
        "mlagents_version": "0.30.0",
        "mlagents_envs_version": "0.30.0",
        "communication_protocol_version": "1.5.0",
        "pytorch_version": "1.10.1+cu113",
        "numpy_version": "1.23.4",
        "end_time_seconds": "1681070703"
    },
    "total": 28.9961259,
    "count": 1,
    "self": 0.004166399999999015,
    "children": {
        "run_training.setup": {
            "total": 0.06666190000000016,
            "count": 1,
            "self": 0.06666190000000016
        },
        "TrainerController.start_learning": {
            "total": 28.9252976,
            "count": 1,
            "self": 1.0107337999999935,
            "children": {
                "TrainerController._reset_env": {
                    "total": 7.753241599999999,
                    "count": 1,
                    "self": 7.753241599999999
                },
                "TrainerController.advance": {
                    "total": 19.96961830000001,
                    "count": 39,
                    "self": 0.00044080000000690234,
                    "children": {
                        "env_step": {
                            "total": 19.969177500000004,
                            "count": 39,
                            "self": 19.010388600000006,
                            "children": {
                                "SubprocessEnvManager._take_step": {
                                    "total": 0.9584300000000052,
                                    "count": 39,
                                    "self": 0.0024559000000063946,
                                    "children": {
                                        "TorchPolicy.evaluate": {
                                            "total": 0.9559740999999988,
                                            "count": 30,
                                            "self": 0.9559740999999988
                                        }
                                    }
                                },
                                "workers": {
                                    "total": 0.0003588999999948328,
                                    "count": 39,
                                    "self": 0.0,
                                    "children": {
                                        "worker_root": {
                                            "total": 21.145073200000013,
                                            "count": 39,
                                            "is_parallel": true,
                                            "self": 17.055949000000005,