{
    "name": "root",
    "gauges": {
        "StoreAI.Policy.Entropy.mean": {
            "value": 0.6487941741943359,
            "min": 0.547650158405304,
            "max": 1.1767370700836182,
            "count": 834
        },
        "StoreAI.Policy.Entropy.sum": {
            "value": 665.662841796875,
            "min": 561.8890380859375,
            "max": 1207.332275390625,
            "count": 834
        },
        "StoreAI.Environment.EpisodeLength.mean": {
            "value": 2.0,
            "min": 2.0,
            "max": 2.0,
            "count": 834
        },
        "StoreAI.Environment.EpisodeLength.sum": {
            "value": 666.0,
            "min": 540.0,
            "max": 684.0,
            "count": 834
        },
        "StoreAI.Step.mean": {
            "value": 923997.0,
            "min": 90999.0,
            "max": 923997.0,
            "count": 834
        },
        "StoreAI.Step.sum": {
            "value": 923997.0,
            "min": 90999.0,
            "max": 923997.0,
            "count": 834
        },
        "StoreAI.Policy.ExtrinsicValue.mean": {
            "value": 418.3432312011719,
            "min": -15.169504165649414,
            "max": 535.5647583007812,
            "count": 834
        },
        "StoreAI.Policy.ExtrinsicValue.sum": {
            "value": 139308.296875,
            "min": -5066.6142578125,
            "max": 178343.0625,
            "count": 834
        },
        "StoreAI.Environment.CumulativeReward.mean": {
            "value": 1196.8695934423813,
            "min": -34073.633893124694,
            "max": 4798.975711525557,
            "count": 834
        },
        "StoreAI.Environment.CumulativeReward.sum": {
            "value": 398557.574616313,
            "min": -11346520.086410522,
            "max": 1602857.8876495361,
            "count": 834
        },
        "StoreAI.Policy.ExtrinsicReward.mean": {
            "value": 1196.8695934423813,
            "min": -34073.633893124694,
            "max": 4798.975711525557,
            "count": 834
        },
        "StoreAI.Policy.ExtrinsicReward.sum": {
            "value": 398557.574616313,
            "min": -11346520.086410522,
            "max": 1602857.8876495361,
            "count": 834
        },
        "StoreAI.Losses.PolicyLoss.mean": {
            "value": -517.7699819690404,
            "min": -734.5916684037531,
            "max": -38.93165364773673,
            "count": 834
        },
        "StoreAI.Losses.PolicyLoss.sum": {
            "value": -528125.3816084212,
            "min": -749283.5017718282,
            "max": -39098.3032803956,
            "count": 834
        },
        "StoreAI.Losses.ValueLoss.mean": {
            "value": 983.6252407887979,
            "min": 102.53445766961354,
            "max": 4349.606328529334,
            "count": 834
        },
        "StoreAI.Losses.ValueLoss.sum": {
            "value": 1003297.7456045739,
            "min": 99956.45106876496,
            "max": 4436598.455099921,
            "count": 834
        },
        "StoreAI.Losses.Q1Loss.mean": {
            "value": 316.5225517703451,
            "min": 32.30610783884203,
            "max": 15115377.354333127,
            "count": 834
        },
        "StoreAI.Losses.Q1Loss.sum": {
            "value": 322853.002805752,
            "min": 31013.863525288347,
            "max": 15417684901.41979,
            "count": 834
        },
        "StoreAI.Losses.Q2Loss.mean": {
            "value": 426.4355227083661,
            "min": 42.587964756406926,
            "max": 15131661.071524289,
            "count": 834
        },
        "StoreAI.Losses.Q2Loss.sum": {
            "value": 434964.2331625334,
            "min": 40884.44616615065,
            "max": 15434294292.954775,
            "count": 834
        },
        "StoreAI.Policy.ContinuousEntropyCoeff.mean": {
            "value": 0.6751894894900474,
            "min": 0.10840088962283485,
            "max": 1.1395694114787245,
            "count": 834
        },
        "StoreAI.Policy.ContinuousEntropyCoeff.sum": {
            "value": 688.6932792798484,
            "min": 104.06485403792146,
            "max": 1156.0004043588535,
            "count": 834
        },
        "StoreAI.Policy.LearningRate.mean": {
            "value": 2.9445900647003998e-05,
            "min": 2.9445900647003998e-05,
            "max": 2.9945631317364002e-05,
            "count": 834
        },
        "StoreAI.Policy.LearningRate.sum": {
            "value": 0.030034818659944076,
            "min": 0.021381180760597897,
            "max": 0.03054401320262328,
            "count": 834
        },
        "StoreAI.IsTraining.mean": {
            "value": 1.0,
            "min": 1.0,
            "max": 1.0,
            "count": 834
        },
        "StoreAI.IsTraining.sum": {
            "value": 1.0,
            "min": 1.0,
            "max": 1.0,
            "count": 834
        }
    },
    "metadata": {
        "timer_format_version": "0.1.0",
        "start_time_seconds": "1681073204",
        "python_version": "3.9.2 (tags/v3.9.2:1a79785, Feb 19 2021, 13:44:55) [MSC v.1928 64 bit (AMD64)]",
        "command_line_arguments": "D:\\Studies\\Python\\Scripts\\mlagents-learn .\\config\\StoreAI_SAC.yaml --run-id run1 --resume",
        "mlagents_version": "0.30.0",
        "mlagents_envs_version": "0.30.0",
        "communication_protocol_version": "1.5.0",
        "pytorch_version": "1.10.1+cu113",
        "numpy_version": "1.23.4",
        "end_time_seconds": "1681104732"
    },
    "total": 31528.059652400003,
    "count": 1,
    "self": 0.010692400002881186,
    "children": {
        "run_training.setup": {
            "total": 0.06498629999999994,
            "count": 1,
            "self": 0.06498629999999994
        },
        "TrainerController.start_learning": {
            "total": 31527.9839737,
            "count": 1,
            "self": 2.3804377000742534,
            "children": {
                "TrainerController._reset_env": {
                    "total": 9.1246812,
                    "count": 1,
                    "self": 9.1246812
                },
                "TrainerController.advance": {
                    "total": 31516.266685999926,
                    "count": 61775,
                    "self": 0.7348951000967645,
                    "children": {
                        "env_step": {
                            "total": 31515.53179089983,
                            "count": 61775,
                            "self": 31333.850344100352,
                            "children": {
                                "SubprocessEnvManager._take_step": {
                                    "total": 181.0415569999392,
                                    "count": 61775,
                                    "self": 3.3229130999950485,
                                    "children": {
                                        "TorchPolicy.evaluate": {
                                            "total": 177.71864389994414,
                                            "count": 46332,
                                            "self": 177.71864389994414
                                        }
                                    }
                                },
                                "workers": {
                                    "total": 0.6398897995372526,
                                    "count": 61775,
                                    "self": 0.0,
                                    "children": {
                                        "worker_root": {
                                            "total": 31517.287712199577,
                                            "count": 61775,
                                            "is_parallel": true,
                                            "self": 25466.897121299484,