{
    "name": "root",
    "gauges": {
        "StoreAI.Policy.Entropy.mean": {
            "value": 1.227744221687317,
            "min": 1.0824127197265625,
            "max": 1.2368237972259521,
            "count": 19
        },
        "StoreAI.Policy.Entropy.sum": {
            "value": 1193.367431640625,
            "min": 292.2514343261719,
            "max": 1268.981201171875,
            "count": 19
        },
        "StoreAI.Environment.EpisodeLength.mean": {
            "value": 2.0,
            "min": 2.0,
            "max": 2.0,
            "count": 19
        },
        "StoreAI.Environment.EpisodeLength.sum": {
            "value": 648.0,
            "min": 180.0,
            "max": 684.0,
            "count": 19
        },
        "StoreAI.Step.mean": {
            "value": 231998.0,
            "min": 213998.0,
            "max": 231998.0,
            "count": 19
        },
        "StoreAI.Step.sum": {
            "value": 231998.0,
            "min": 213998.0,
            "max": 231998.0,
            "count": 19
        },
        "StoreAI.Policy.ExtrinsicValue.mean": {
            "value": 61.877685546875,
            "min": -5.394229888916016,
            "max": 61.877685546875,
            "count": 19
        },
        "StoreAI.Policy.ExtrinsicValue.sum": {
            "value": 20605.26953125,
            "min": -1018.9202880859375,
            "max": 20605.26953125,
            "count": 19
        },
        "StoreAI.Environment.CumulativeReward.mean": {
            "value": 273.7257094075372,
            "min": 123.40155170987676,
            "max": 343.86857085614594,
            "count": 19
        },
        "StoreAI.Environment.CumulativeReward.sum": {
            "value": 91150.66123270988,
            "min": 19706.498785972595,
            "max": 114508.23409509659,
            "count": 19
        },
        "StoreAI.Policy.ExtrinsicReward.mean": {
            "value": 273.7257094075372,
            "min": 123.40155170987676,
            "max": 343.86857085614594,
            "count": 19
        },
        "StoreAI.Policy.ExtrinsicReward.sum": {
            "value": 91150.66123270988,
            "min": 19706.498785972595,
            "max": 114508.23409509659,
            "count": 19
        },
        "StoreAI.Losses.PolicyLoss.mean": {
            "value": -68.19764012861872,
            "min": -68.19764012861872,
            "max": -1.0302017627671962,
            "count": 19
        },
        "StoreAI.Losses.PolicyLoss.sum": {
            "value": -65469.73452347396,
            "min": -67520.27738592011,
            "max": -179.25510672149215,
            "count": 19
        },
        "StoreAI.Losses.ValueLoss.mean": {
            "value": 1.7295985551556465,
            "min": 1.7295985551556465,
            "max": 9.948760706104023,
            "count": 19
        },
        "StoreAI.Losses.ValueLoss.sum": {
            "value": 1660.4146129494206,
            "min": 1226.6837090572217,
            "max": 9550.810277859862,
            "count": 19
        },
        "StoreAI.Losses.Q1Loss.mean": {
            "value": 211.26634658470903,
            "min": 211.26634658470903,
            "max": 682.5108762046297,
            "count": 19
        },
        "StoreAI.Losses.Q1Loss.sum": {
            "value": 202815.69272132067,
            "min": 59945.75827759685,
            "max": 676299.5810030494,
            "count": 19
        },
        "StoreAI.Losses.Q2Loss.mean": {
            "value": 209.73680905219706,
            "min": 209.73680905219706,
            "max": 678.9753879911904,
            "count": 19
        },
        "StoreAI.Losses.Q2Loss.sum": {
            "value": 201347.33669010916,
            "min": 60598.721241219144,
            "max": 673240.0488572833,
            "count": 19
        },
        "StoreAI.Policy.ContinuousEntropyCoeff.mean": {
            "value": 0.5835212525163503,
            "min": 0.5835212525163503,
            "max": 0.9971214554016474,
            "count": 19
        },
        "StoreAI.Policy.ContinuousEntropyCoeff.sum": {
            "value": 560.1804024156963,
            "min": 173.49913323988665,
            "max": 994.2728254268951,
            "count": 19
        },
        "StoreAI.Policy.LearningRate.mean": {
            "value": 2.9861104062988e-05,
            "min": 2.9861104062988e-05,
            "max": 2.9871668786392825e-05,
            "count": 19
        },
        "StoreAI.Policy.LearningRate.sum": {
            "value": 0.02866665990046848,
            "min": 0.0051976703688323515,
            "max": 0.030468736229547357,
            "count": 19
        },
        "StoreAI.IsTraining.mean": {
            "value": 1.0,
            "min": 1.0,
            "max": 1.0,
            "count": 19
        },
        "StoreAI.IsTraining.sum": {
            "value": 1.0,
            "min": 1.0,
            "max": 1.0,
            "count": 19
        }
    },
    "metadata": {
        "timer_format_version": "0.1.0",
        "start_time_seconds": "1681065469",
        "python_version": "3.9.2 (tags/v3.9.2:1a79785, Feb 19 2021, 13:44:55) [MSC v.1928 64 bit (AMD64)]",
        "command_line_arguments": "D:\\Studies\\Python\\Scripts\\mlagents-learn .\\config\\StoreAI_SAC.yaml --run-id run1 --resume",
        "mlagents_version": "0.30.0",
        "mlagents_envs_version": "0.30.0",
        "communication_protocol_version": "1.5.0",
        "pytorch_version": "1.10.1+cu113",
        "numpy_version": "1.23.4",
        "end_time_seconds": "1681066231"
    },
    "total": 762.6197693,
    "count": 1,
    "self": 0.004770399999983965,
    "children": {
        "run_training.setup": {
            "total": 0.06903949999999992,
            "count": 1,
            "self": 0.06903949999999992
        },
        "TrainerController.start_learning": {
            "total": 762.5459594,
            "count": 1,
            "self": 1.03357889999927,
            "children": {
                "TrainerController._reset_env": {
                    "total": 8.6320067,
                    "count": 1,
                    "self": 8.6320067
                },
                "TrainerController.advance": {
                    "total": 752.7300664000007,
                    "count": 1419,
                    "self": 0.016800099999727536,
                    "children": {
                        "env_step": {
                            "total": 752.713266300001,
                            "count": 1419,
                            "self": 747.1287388000009,
                            "children": {
                                "SubprocessEnvManager._take_step": {
                                    "total": 5.569567099999656,
                                    "count": 1419,
                                    "self": 0.08411289999950178,
                                    "children": {
                                        "TorchPolicy.evaluate": {
                                            "total": 5.485454200000154,
                                            "count": 1065,
                                            "self": 5.485454200000154
                                        }
                                    }
                                },
                                "workers": {
                                    "total": 0.014960400000445517,
                                    "count": 1419,
                                    "self": 0.0,
                                    "children": {
                                        "worker_root": {
                                            "total": 754.1329990000023,
                                            "count": 1419,
                                            "is_parallel": true,
                                            "self": 614.3797590000023,